_MEMBER_MyList,_LogP_MyList,GO,_PATTERN_,_RANK_,GiniIndex,Category,CategoryID,Description,PARENT_GO,LogP,Enrichment,Z-score,#TotalGeneInLibrary,#GeneInGO,#GeneInHitList,#GeneInGOAndHitList,%InGO,STDV %InGO,GeneID,Hits,Log(q-value),EvidenceCutoff,GROUP_ID,FirstInGroupByEnrichment,FirstInGroupByLogP,BestLogPInGroup,BestEnrichmentInGroup,URL
1,-4.867896976698276,R-HSA-1483166,M1,1,0,Reactome Gene Sets,6,Synthesis of PA,,-4.867896976698276,64.91357142857143,13.75677851403023,30293,40,35,3,8.571428571428571,4.731878121204715,51205|56894|79888,ACP6|AGPAT3|LPCAT1,-1.0224888370764826,0,1,1,1,-4.867896976698276,64.91357142857143,
1,-3.3497723052096253,R-HSA-1483206,M1,1,0,Reactome Gene Sets,6,Glycerophospholipid biosynthesis,,-3.3497723052096253,20.128239202657806,7.404628429782318,30293,129,35,3,8.571428571428571,4.731878121204715,51205|56894|79888,ACP6|AGPAT3|LPCAT1,0.0,0,1,0,0,-4.867896976698276,64.91357142857143,
1,-2.803365331441321,R-HSA-556833,M1,1,0,Reactome Gene Sets,6,Metabolism of lipids,,-2.803365331441321,5.801034086556876,4.5157032453952315,30293,746,35,5,14.285714285714286,5.914847651505894,51|51205|51228|56894|79888,ACOX1|ACP6|GLTP|AGPAT3|LPCAT1,0.0,0,1,0,0,-4.867896976698276,64.91357142857143,
1,-2.726978106598509,R-HSA-1483257,M1,1,0,Reactome Gene Sets,6,Phospholipid metabolism,,-2.726978106598509,12.247843665768194,5.589448436237163,30293,212,35,3,8.571428571428571,4.731878121204715,51205|56894|79888,ACP6|AGPAT3|LPCAT1,0.0,0,1,0,0,-4.867896976698276,64.91357142857143,
1,-2.655763312362861,R-HSA-6798695,M1,1,0,Reactome Gene Sets,6,Neutrophil degranulation,,-2.655763312362861,7.2126190476190475,4.666275642318023,30293,480,35,4,11.428571428571429,5.37785113208183,1315|1992|3326|79888,COPB1|SERPINB1|HSP90AB1|LPCAT1,0.0,0,2,1,1,-2.655763312362861,7.2126190476190475,
